config,tokens,mismatches,cycles_per_token,weight_reads_per_token,engine_cycles,scan_cycles,post_cycles,recall_cycles,events_per_token,full,early_exit,recall,cfg
"dense (GPU-style, every input)",527,0,4347.0,3584.0,3904.0,400.0,35.0,0.0,320.0,527,0,0,"{""sparse"": 0}"
event-driven (skip silent),527,0,778.7609108159393,543.8330170777989,599.796963946869,135.9639468690702,35.0,0.0,55.963946869070206,527,0,0,"{""sparse"": 1}"
event-driven + change-only,527,0,1172.1195445920303,875.3092979127134,962.214421252372,166.90512333965845,35.0,0.0,86.90512333965845,527,0,0,"{""sparse"": 1, ""delta"": 1}"
event-driven + early exit,527,0,1476.8387096774193,1119.0132827324478,1210.9259962049337,203.91271347248576,52.0,0.0,91.91271347248576,527,0,0,"{""sparse"": 1, ""exit_en"": 1, ""exit_th"": 64}"
event-driven + recall,527,0,513.9829222011385,350.7703984819734,387.2447817836812,92.18595825426945,24.37381404174573,4.0,36.47438330170778,367,0,160,"{""sparse"": 1, ""recall"": 1, ""conf_th"": 1}"
event-driven + energy cap 16,527,0,469.2846299810247,286.55787476280835,316.4212523719165,109.86337760910816,35.0,0.0,29.86337760910816,527,0,0,"{""sparse"": 1, ""cap"": 16}"
"all think-less, always on (change-only + exit + recall)",527,0,1486.1821631878558,1168.8500948766603,1264.6261859582544,173.77229601518027,36.212523719165084,4.0,95.77609108159393,367,0,160,"{""sparse"": 1, ""delta"": 1, ""exit_en"": 1, ""exit_th"": 64, ""recall"": 1, ""conf_th"": 1}"
ADAPTIVE controller (recall + chooses change-only/full + adaptive exit),527,0,588.7115749525617,370.8842504743833,408.1480075901328,145.0740037950664,25.212523719165084,4.0,37.26375711574953,367,0,160,"{""sparse"": 1, ""adapt"": 1, ""exit_en"": 1, ""exit_th"": 64, ""recall"": 1, ""conf_th"": 1}"
"ADAPTIVE controller, exit always succeeds (stress test)",527,0,559.2182163187856,410.595825426945,438.7628083491461,93.56356736242884,18.106261859582542,4.0,28.16698292220114,0,367,160,"{""sparse"": 1, ""adapt"": 1, ""exit_en"": 1, ""exit_th"": -1000000, ""recall"": 1, ""conf_th"": 1}"
