config,tokens,mismatches,cycles_per_token,weight_reads_per_token,engine_cycles,scan_cycles,post_cycles,recall_cycles,events_per_token,full,early_exit,recall,next_byte_acc,cfg
"dense (GPU-style, every input)",600,0,8296.0,7168.0,7488.0,480.0,320.0,0.0,320.0,600,0,0,0.3672787979966611,"{""sparse"": 0}"
event-driven (skip silent),600,0,3276.2966666666666,2541.5733333333333,2664.935,283.3616666666667,320.0,0.0,123.36166666666666,600,0,0,0.3672787979966611,"{""sparse"": 1}"
event-driven + change-only,600,0,4711.85,3875.733333333333,4049.7916666666665,334.05833333333334,320.0,0.0,174.05833333333334,600,0,0,0.3672787979966611,"{""sparse"": 1, ""delta"": 1}"
event-driven + early exit,600,0,2483.536666666667,1957.7066666666667,2046.5216666666668,186.94833333333332,244.0,0.0,88.815,10,590,0,0.3806343906510851,"{""sparse"": 1, ""exit_en"": 1, ""exit_th"": 1}"
event-driven + recall,600,0,2435.0233333333335,1875.76,1967.3066666666666,213.41333333333333,243.73333333333332,4.0,91.54666666666667,457,0,143,0.4257095158597663,"{""sparse"": 1, ""recall"": 1, ""conf_th"": 1}"
event-driven + energy cap 16,600,0,936.4633333333334,401.76,425.1116666666667,183.35166666666666,320.0,0.0,23.351666666666667,600,0,0,0.09348914858096828,"{""sparse"": 1, ""cap"": 16}"
"all think-less, always on (change-only + exit + recall)",600,0,2573.633333333333,2129.68,2215.7633333333333,161.55,187.2,4.0,86.08333333333333,11,446,143,0.44240400667779634,"{""sparse"": 1, ""delta"": 1, ""exit_en"": 1, ""exit_th"": 1, ""recall"": 1, ""conf_th"": 1}"
ADAPTIVE controller (recall + chooses change-only/full + adaptive exit),600,0,1845.4266666666667,1380.24,1441.8733333333332,207.23333333333332,187.2,4.0,61.63333333333333,11,446,143,0.44240400667779634,"{""sparse"": 1, ""adapt"": 1, ""exit_en"": 1, ""exit_th"": 1, ""recall"": 1, ""conf_th"": 1}"
"ADAPTIVE controller, exit always succeeds (stress test)",600,0,1811.3533333333332,1356.88,1417.5266666666666,201.98,182.8,4.0,60.64666666666667,0,457,143,0.43906510851419034,"{""sparse"": 1, ""adapt"": 1, ""exit_en"": 1, ""exit_th"": -1000000, ""recall"": 1, ""conf_th"": 1}"
