Ref,Val,Package,PosX,PosY,Rot,Side
"C1","100nF","C_0603_1608Metric",28.000000,-27.000000,0.000000,top
"C2","100nF","C_0603_1608Metric",43.000000,-27.000000,0.000000,top
"C3","10uF","C_0805_2012Metric",58.000000,-9.000000,0.000000,top
"C4","10uF","C_0805_2012Metric",14.000000,-9.000000,0.000000,top
"D1","Power LED","LED_0603_1608Metric",19.000000,-4.500000,0.000000,top
"J1","USB-C IN (laptop)","USB_C_Receptacle_GCT_USB4105-xx-A_16P_TopMnt_Horizontal",3.675000,-24.000000,-90.000000,top
"J2","USB-C OUT (Tang Nano 20K)","USB_C_Receptacle_GCT_USB4105-xx-A_16P_TopMnt_Horizontal",68.325000,-24.000000,90.000000,top
"J3","MARKER from FPGA","PinHeader_1x02_P2.54mm_Vertical",46.000000,-46.500000,90.000000,top
"J4","To ESP32 (3V3 GND SDA SCL MARK DQ)","PinHeader_1x06_P2.54mm_Vertical",19.000000,-46.500000,90.000000,top
"J5","DS18B20 probe on FPGA","PinHeader_1x03_P2.54mm_Vertical",54.000000,-46.500000,90.000000,top
"R1","5.1k","R_0603_1608Metric",14.000000,-31.000000,90.000000,top
"R2","5.1k","R_0603_1608Metric",17.000000,-31.000000,90.000000,top
"R3","56k","R_0603_1608Metric",55.000000,-31.000000,90.000000,top
"R4","56k","R_0603_1608Metric",58.000000,-31.000000,90.000000,top
"R5","4.7k","R_0603_1608Metric",34.000000,-40.500000,90.000000,top
"R6","4.7k","R_0603_1608Metric",37.000000,-40.500000,90.000000,top
"R7","4.7k","R_0603_1608Metric",40.000000,-40.500000,90.000000,top
"R8","1k","R_0603_1608Metric",14.000000,-4.500000,0.000000,top
"RS1","0.1R 1% 1W","R_2512_6332Metric",36.000000,-9.000000,0.000000,top
"U1","INA219AID","SOIC-8_3.9x4.9mm_P1.27mm",28.000000,-33.000000,0.000000,top
"U2","LM75BD","SOIC-8_3.9x4.9mm_P1.27mm",43.000000,-33.000000,0.000000,top
